step,joint1,joint2,joint3,joint4,joint5,joint6
181,0,0.1,0.1,-9.950505417645463e-32,4.368752427273915e-32,2.0095750289886225e-19
182,0,0.1,0.1,-9.950505417645463e-32,4.368752427273915e-32,2.0095750289886225e-19
183,-0.00017658436891744653,0.0757477509262813,0.08333566142348794,-0.0013441939717983714,0.0013967818804201376,-0.00827610496710689
184,-0.00017658436891744653,0.0757477509262813,0.08333566142348794,-0.0013441939717983714,0.0013967818804201376,-0.00827610496710689
185,-0.0019769210783395367,0.03286122961154444,0.06954149415221916,-0.02582943083786932,-0.005963855636772387,-0.009046738642164428
186,-0.0019769210783395367,0.03286122961154444,0.06954149415221916,-0.02582943083786932,-0.005963855636772387,-0.009046738642164428
187,0,0.1,0.1,-9.950505417645463e-32,4.368752427273915e-32,2.0095750289886225e-19
188,0,0.1,0.1,-9.950505417645463e-32,4.368752427273915e-32,2.0095750289886225e-19
189,0,0.1,0.1,-9.950505417645463e-32,4.368752427273915e-32,2.0095750289886225e-19
190,0,0.1,0.1,-9.950505417645463e-32,4.368752427273915e-32,2.0095750289886225e-19
191,0,0.1,0.1,-9.950505417645463e-32,4.368752427273915e-32,2.0095750289886225e-19
192,0,0.1,0.1,-9.950505417645463e-32,4.368752427273915e-32,2.0095750289886225e-19
193,0,0.1,0.1,-9.950505417645463e-32,4.368752427273915e-32,2.0095750289886225e-19
194,0,0.1,0.1,-9.950505417645463e-32,4.368752427273915e-32,2.0095750289886225e-19
195,0,0.1,0.1,-9.950505417645463e-32,4.368752427273915e-32,2.0095750289886225e-19
196,-0.008180447206009807,0.053963166428584425,0.08661126611193351,-0.026017699287855325,-0.01320021301512904,-0.006084420919559039
197,-0.008180447206009807,0.053963166428584425,0.08661126611193351,-0.026017699287855325,-0.01320021301512904,-0.006084420919559039
198,-0.020854864214875937,0.01367124484973925,0.07315621324769375,-0.050276785104346786,-0.024956585731336307,-0.007838313958679828
199,0,0.1,0.1,-9.950505417645463e-32,4.368752427273915e-32,2.0095750289886225e-19
200,0,0.1,0.1,-9.950505417645463e-32,4.368752427273915e-32,2.0095750289886225e-19
201,0,0.1,0.1,-9.950505417645463e-32,4.368752427273915e-32,2.0095750289886225e-19
202,0,0.1,0.1,-9.950505417645463e-32,4.368752427273915e-32,2.0095750289886225e-19
203,-0.0011791790918786005,0.05555251491409357,0.0854144756734912,-0.020041039509579535,0.0011591769741201416,-0.00211851455246147
204,-0.0011791790918786005,0.05555251491409357,0.0854144756734912,-0.020041039509579535,0.0011591769741201416,-0.00211851455246147
205,0,0.1,0.1,-9.950505417645463e-32,4.368752427273915e-32,2.0095750289886225e-19
206,0,0.1,0.1,-9.950505417645463e-32,4.368752427273915e-32,2.0095750289886225e-19
207,0,0.1,0.1,-9.950505417645463e-32,4.368752427273915e-32,2.0095750289886225e-19
208,0,0.1,0.1,-9.950505417645463e-32,4.368752427273915e-32,2.0095750289886225e-19
209,0,0.1,0.1,-9.950505417645463e-32,4.368752427273915e-32,2.0095750289886225e-19
210,0,0.1,0.1,-9.950505417645463e-32,4.368752427273915e-32,2.0095750289886225e-19
